{"items": [{"label": "call", "color": [0.0, 1.0, 0.0]}, {"label": "no_gesture", "color": [1.0, 0.0, 1.0]}, {"label": "dislike", "color": [0.0, 0.5, 1.0]}, {"label": "fist", "color": [1.0, 0.5, 0.0]}, {"label": "four", "color": [0.5, 0.75, 0.5]}, {"label": "like", "color": [0.22306, 0.03884, 0.63863]}, {"label": "mute", "color": [0.83834, 0.02618, 0.28495]}, {"label": "ok", "color": [0.14941, 0.49409, 0.07838]}, {"label": "one", "color": [0.87966, 0.48671, 0.89008]}, {"label": "palm", "color": [0.0, 1.0, 1.0]}, {"label": "peace", "color": [0.91938, 0.99861, 0.05139]}, {"label": "peace_inverted", "color": [0.0, 1.0, 0.5]}, {"label": "rock", "color": [0.53346, 0.91229, 0.96735]}, {"label": "stop", "color": [0.51542, 0.33546, 0.43115]}, {"label": "stop_inverted", "color": [0.57386, 0.70814, 0.00274]}, {"label": "three", "color": [0.51983, 0.19915, 0.95881]}, {"label": "three2", "color": [0.98043, 0.82465, 0.52956]}, {"label": "two_up", "color": [0.01717, 0.50508, 0.53789]}, {"label": "two_up_inverted", "color": [0.44103, 0.17112, 0.0093]}]}